{"31-40": 0.36169408205709963, "51-61": 0.26186424654944224, "41-50": 0.2009831726224239, "18-30": 0.17545849877103423}